Python,DBMS,CN,Maths,OS,Attendance,Result
51,69,23,72,4,96,Pass
92,71,31,23,32,56,Fail
14,26,46,63,64,78,Pass
71,8,85,98,17,61,Fail
60,61,22,48,95,65,Fail
20,36,65,98,48,83,Pass
82,96,26,35,10,64,Fail
86,50,1,81,84,56,Fail
74,43,89,95,25,52,Fail
74,23,16,23,62,59,Fail
87,78,32,22,88,64,Fail
99,58,8,61,85,43,Fail
23,31,42,95,58,49,Fail
2,95,47,36,26,42,Fail
21,87,38,11,48,80,Pass
52,51,92,54,76,84,Pass
1,61,41,12,32,57,Fail
87,57,25,22,97,86,Pass
29,51,98,88,98,75,Pass
37,11,49,98,0,86,Fail
1,38,24,29,20,61,Fail
63,1,23,16,54,73,Fail
59,2,12,61,5,86,Fail
20,100,59,83,91,47,Fail
32,55,6,88,80,79,Pass
75,80,56,85,68,88,Pass
57,58,35,12,94,83,Pass
21,1,44,58,4,58,Fail
88,1,19,18,2,81,Fail
48,91,64,48,52,80,Pass
90,53,7,99,22,76,Pass
58,86,15,11,100,45,Fail
41,100,13,60,52,91,Pass
91,95,75,18,36,65,Fail
59,96,86,75,73,73,Fail
79,0,14,8,73,98,Fail
14,18,91,70,82,95,Pass
61,1,97,27,16,98,Pass
61,52,65,77,84,84,Pass
46,43,31,94,77,45,Fail
61,89,86,51,72,76,Pass
50,31,62,82,0,96,Pass
54,69,85,15,50,72,Fail
63,31,50,68,44,92,Pass
2,67,24,98,76,61,Fail
100,54,57,11,3,60,Fail
50,74,62,24,61,45,Fail
6,55,61,51,64,45,Fail
20,16,21,84,31,94,Fail
72,37,57,99,33,87,Pass
38,23,57,52,91,43,Fail
17,68,85,22,94,69,Fail
3,97,48,15,71,50,Fail
88,69,51,56,38,69,Fail
59,85,41,38,25,70,Fail
13,10,69,52,33,63,Fail
8,15,14,41,53,94,Fail
89,96,53,57,2,48,Fail
52,72,59,38,49,94,Pass
1,58,100,13,11,42,Fail
83,69,96,94,64,90,Pass
91,79,7,4,53,70,Fail
59,92,52,34,4,79,Pass
70,2,59,86,93,76,Pass
43,19,4,92,93,75,Pass
7,58,67,74,56,63,Fail
46,35,5,17,16,70,Fail
34,18,95,75,46,45,Fail
77,89,93,8,22,41,Fail
80,66,46,73,78,59,Fail
35,18,98,57,100,67,Fail
49,19,54,16,84,50,Fail
3,95,39,6,13,43,Fail
1,70,51,45,65,54,Fail
5,51,15,12,74,45,Fail
53,32,12,39,50,93,Fail
3,39,29,41,37,88,Fail
53,38,18,8,63,69,Fail
92,81,16,49,97,95,Pass
62,0,62,26,37,77,Fail
17,10,18,65,49,90,Fail
89,91,91,4,97,96,Pass
43,56,57,28,81,41,Fail
33,88,54,36,29,54,Fail
73,49,89,37,78,50,Fail
61,22,100,82,90,47,Fail
99,30,89,7,50,65,Fail
13,93,61,64,62,90,Pass
94,41,22,85,97,84,Pass
47,98,8,16,51,83,Pass
14,6,11,70,37,44,Fail
71,15,0,88,96,45,Fail
77,89,57,44,87,65,Fail
86,59,0,3,78,93,Pass
61,1,33,35,29,43,Fail
39,0,95,69,50,58,Fail
84,47,47,30,80,59,Fail
79,11,88,18,4,72,Fail
81,68,0,60,28,59,Fail
52,36,15,53,3,88,Fail
23,31,60,38,9,51,Fail
25,8,63,90,55,86,Pass
88,98,62,73,16,40,Fail
59,18,68,89,73,65,Fail
40,47,21,18,16,53,Fail
28,79,92,38,83,77,Pass
14,2,66,66,87,76,Pass
44,19,75,44,68,50,Fail
64,23,25,12,33,75,Fail
88,53,15,91,5,52,Fail
70,32,50,57,52,82,Pass
8,23,100,19,65,42,Fail
87,74,85,91,76,72,Fail
0,71,56,71,42,45,Fail
7,35,28,60,74,89,Pass
87,37,77,38,22,95,Pass
62,83,91,0,54,49,Fail
10,98,68,2,79,44,Fail
80,88,46,76,94,62,Fail
7,98,93,91,74,49,Fail
34,24,61,61,15,83,Fail
34,92,68,62,7,41,Fail
32,17,75,24,3,52,Fail
4,81,15,55,3,79,Fail
40,65,89,32,55,41,Fail
27,53,89,37,24,59,Fail
6,34,47,5,66,40,Fail
72,79,84,57,95,76,Pass
71,60,38,43,66,48,Fail
11,40,99,44,26,56,Fail
33,99,32,31,92,48,Fail
32,32,93,44,31,50,Fail
47,67,100,60,49,54,Fail
22,32,22,46,60,63,Fail
61,13,9,20,50,77,Fail
87,20,68,79,18,94,Pass
36,47,99,84,20,74,Fail
98,19,33,74,4,69,Fail
43,7,51,100,81,70,Fail
85,6,94,35,91,88,Pass
90,66,9,98,41,44,Fail
34,16,18,18,60,99,Fail
64,32,57,19,21,83,Fail
98,47,95,56,20,89,Pass
100,75,0,17,69,53,Fail
46,58,68,46,0,92,Pass
77,85,3,48,4,95,Pass
2,21,15,13,11,50,Fail
0,29,23,14,89,48,Fail
4,37,79,30,45,73,Fail
89,50,1,0,33,51,Fail
13,53,91,53,48,74,Fail
26,7,31,2,77,74,Fail
8,26,90,15,89,40,Fail
78,26,83,86,44,79,Pass
14,97,23,56,26,61,Fail
89,20,11,74,72,99,Pass
41,29,49,11,25,68,Fail
76,96,34,73,46,47,Fail
50,27,32,95,85,50,Fail
62,63,32,15,55,80,Pass
95,96,60,71,93,76,Pass
51,68,50,75,62,53,Fail
95,60,42,23,47,99,Pass
3,47,100,27,60,69,Fail
93,18,11,7,80,74,Fail
100,3,66,91,25,60,Fail
22,34,64,35,35,76,Fail
14,63,32,89,0,44,Fail
42,48,39,7,7,58,Fail
28,16,73,57,98,98,Pass
35,43,42,59,51,53,Fail
12,91,43,49,78,65,Fail
31,29,28,27,46,43,Fail
70,92,12,91,55,64,Fail
58,45,11,100,85,84,Pass
85,5,94,40,13,81,Pass
27,98,45,99,89,64,Fail
65,36,1,63,27,57,Fail
41,23,34,26,86,79,Pass
44,92,86,62,77,47,Fail
61,45,80,16,87,78,Pass
56,52,89,72,1,79,Pass
5,94,7,32,25,53,Fail
27,98,92,83,13,71,Fail
27,59,25,76,58,90,Pass
43,96,73,91,55,100,Pass
83,62,89,28,6,77,Pass
29,84,33,12,2,72,Fail
61,31,6,45,22,62,Fail
74,86,67,34,17,54,Fail
91,32,57,5,37,72,Fail
88,66,74,81,98,64,Fail
61,17,28,68,14,56,Fail
96,24,35,46,63,72,Fail
0,94,88,24,88,86,Pass
26,53,20,65,100,94,Pass
61,57,35,9,27,41,Fail
76,66,9,55,73,53,Fail
2,45,100,29,38,92,Pass
